size_class,period,collection_end,wording,ai_use_pct,ai_use_se
A,202319,09/24/2023,legacy,4.3,0.17
A,202320,10/08/2023,legacy,4.4,0.18
A,202321,10/22/2023,legacy,4.2,0.19
A,202322,11/05/2023,legacy,4.4,0.22
A,202323,11/19/2023,legacy,4.8,0.16
A,202324,12/03/2023,legacy,5.1,0.16
A,202325,12/17/2023,legacy,5.5,0.28
A,202326,12/31/2023,legacy,5.3,0.15
A,202401,01/14/2024,legacy,5.1,0.13
A,202402,01/28/2024,legacy,5.7,0.23
A,202403,02/11/2024,legacy,5.3,0.19
A,202404,02/25/2024,legacy,5.9,0.21
A,202405,03/10/2024,legacy,4.8,0.18
A,202406,03/24/2024,legacy,5.0,0.21
A,202407,04/07/2024,legacy,4.6,0.11
A,202408,04/21/2024,legacy,5.3,0.19
A,202409,05/05/2024,legacy,5.1,0.23
A,202410,05/19/2024,legacy,5.3,0.1
A,202411,06/02/2024,legacy,5.1,0.19
A,202412,06/16/2024,legacy,5.5,0.18
A,202413,06/30/2024,legacy,5.2,0.17
A,202414,07/14/2024,legacy,5.3,0.23
A,202415,07/28/2024,legacy,5.6,0.23
A,202416,08/11/2024,legacy,5.5,0.14
A,202417,08/25/2024,legacy,6.1,0.24
A,202418,09/08/2024,legacy,6.5,0.24
A,202419,09/22/2024,legacy,6.6,0.25
A,202420,10/06/2024,legacy,6.5,0.18
A,202421,10/20/2024,legacy,6.6,0.15
A,202422,11/03/2024,legacy,6.6,0.2
A,202423,11/17/2024,legacy,6.6,0.3
A,202424,12/01/2024,legacy,6.7,0.18
A,202425,12/15/2024,legacy,6.7,0.23
A,202426,12/29/2024,legacy,6.7,0.26
A,202501,01/12/2025,legacy,6.5,0.27
A,202502,01/26/2025,legacy,7.2,0.26
A,202503,02/09/2025,legacy,7.3,0.29
A,202504,02/23/2025,legacy,7.9,0.22
A,202505,03/09/2025,legacy,8.1,0.28
A,202506,03/23/2025,legacy,8.4,0.35
A,202507,04/06/2025,legacy,8.6,0.25
A,202508,04/20/2025,legacy,9.0,0.25
A,202509,05/04/2025,legacy,9.5,0.28
A,202510,05/18/2025,legacy,9.2,0.2
A,202511,06/01/2025,legacy,9.7,0.28
A,202512,06/15/2025,legacy,9.7,0.28
A,202513,06/29/2025,legacy,9.9,0.2
A,202514,07/13/2025,legacy,9.9,0.31
A,202515,07/27/2025,legacy,10.4,0.28
A,202516,08/10/2025,legacy,9.7,0.38
A,202517,08/24/2025,legacy,10.8,0.28
A,202518,09/07/2025,legacy,9.9,0.23
A,202519,09/21/2025,legacy,10.9,0.21
A,202520,10/05/2025,legacy,11.0,0.25
A,202524,11/30/2025,revised,17.0,0.38
A,202525,12/14/2025,revised,16.9,0.35
B,202319,09/24/2023,legacy,3.0,0.16
B,202320,10/08/2023,legacy,2.5,0.18
B,202321,10/22/2023,legacy,3.3,0.22
B,202322,11/05/2023,legacy,3.4,0.21
B,202323,11/19/2023,legacy,3.6,0.23
B,202324,12/03/2023,legacy,3.6,0.25
B,202325,12/17/2023,legacy,4.1,0.26
B,202326,12/31/2023,legacy,4.3,0.3
B,202401,01/14/2024,legacy,3.6,0.22
B,202402,01/28/2024,legacy,4.8,0.16
B,202403,02/11/2024,legacy,4.9,0.3
B,202404,02/25/2024,legacy,4.4,0.3
B,202405,03/10/2024,legacy,3.3,0.23
B,202406,03/24/2024,legacy,3.6,0.31
B,202407,04/07/2024,legacy,3.8,0.18
B,202408,04/21/2024,legacy,4.2,0.22
B,202409,05/05/2024,legacy,4.1,0.28
B,202410,05/19/2024,legacy,3.8,0.32
B,202411,06/02/2024,legacy,3.9,0.41
B,202412,06/16/2024,legacy,4.3,0.3
B,202413,06/30/2024,legacy,4.2,0.2
B,202414,07/14/2024,legacy,4.8,0.18
B,202415,07/28/2024,legacy,4.0,0.28
B,202416,08/11/2024,legacy,4.2,0.23
B,202417,08/25/2024,legacy,4.2,0.37
B,202418,09/08/2024,legacy,4.5,0.24
B,202419,09/22/2024,legacy,4.8,0.29
B,202420,10/06/2024,legacy,5.2,0.28
B,202421,10/20/2024,legacy,4.6,0.32
B,202422,11/03/2024,legacy,5.2,0.43
B,202423,11/17/2024,legacy,5.2,0.3
B,202424,12/01/2024,legacy,5.4,0.13
B,202425,12/15/2024,legacy,5.3,0.32
B,202426,12/29/2024,legacy,5.7,0.36
B,202501,01/12/2025,legacy,4.6,0.44
B,202502,01/26/2025,legacy,6.2,0.29
B,202503,02/09/2025,legacy,6.1,0.2
B,202504,02/23/2025,legacy,6.6,0.36
B,202505,03/09/2025,legacy,6.6,0.27
B,202506,03/23/2025,legacy,7.1,0.29
B,202507,04/06/2025,legacy,6.6,0.34
B,202508,04/20/2025,legacy,7.1,0.39
B,202509,05/04/2025,legacy,7.4,0.2
B,202510,05/18/2025,legacy,7.9,0.37
B,202511,06/01/2025,legacy,8.7,0.46
B,202512,06/15/2025,legacy,8.6,0.55
B,202513,06/29/2025,legacy,7.7,0.39
B,202514,07/13/2025,legacy,8.6,0.45
B,202515,07/27/2025,legacy,7.6,0.28
B,202516,08/10/2025,legacy,7.3,0.39
B,202517,08/24/2025,legacy,8.5,0.41
B,202518,09/07/2025,legacy,7.7,0.42
B,202519,09/21/2025,legacy,8.5,0.21
B,202520,10/05/2025,legacy,8.6,0.62
B,202524,11/30/2025,revised,15.5,0.49
B,202525,12/14/2025,revised,16.3,0.5
C,202319,09/24/2023,legacy,2.6,0.22
C,202320,10/08/2023,legacy,2.7,0.16
C,202321,10/22/2023,legacy,3.3,0.2
C,202322,11/05/2023,legacy,3.1,0.22
C,202323,11/19/2023,legacy,3.9,0.22
C,202324,12/03/2023,legacy,4.2,0.22
C,202325,12/17/2023,legacy,4.0,0.26
C,202326,12/31/2023,legacy,3.9,0.33
C,202401,01/14/2024,legacy,4.0,0.26
C,202402,01/28/2024,legacy,4.4,0.32
C,202403,02/11/2024,legacy,4.1,0.38
C,202404,02/25/2024,legacy,5.0,0.38
C,202405,03/10/2024,legacy,3.6,0.3
C,202406,03/24/2024,legacy,3.2,0.24
C,202407,04/07/2024,legacy,3.4,0.22
C,202408,04/21/2024,legacy,3.9,0.31
C,202409,05/05/2024,legacy,4.2,0.39
C,202410,05/19/2024,legacy,4.0,0.38
C,202411,06/02/2024,legacy,3.6,0.21
C,202412,06/16/2024,legacy,3.6,0.29
C,202413,06/30/2024,legacy,4.0,0.31
C,202414,07/14/2024,legacy,4.3,0.27
C,202415,07/28/2024,legacy,4.6,0.32
C,202416,08/11/2024,legacy,4.4,0.31
C,202417,08/25/2024,legacy,4.1,0.24
C,202418,09/08/2024,legacy,4.3,0.34
C,202419,09/22/2024,legacy,4.0,0.19
C,202420,10/06/2024,legacy,4.8,0.27
C,202421,10/20/2024,legacy,5.2,0.42
C,202422,11/03/2024,legacy,4.6,0.28
C,202423,11/17/2024,legacy,5.0,0.37
C,202424,12/01/2024,legacy,4.5,0.36
C,202425,12/15/2024,legacy,4.6,0.37
C,202426,12/29/2024,legacy,5.1,0.2
C,202501,01/12/2025,legacy,4.8,0.41
C,202502,01/26/2025,legacy,5.1,0.47
C,202503,02/09/2025,legacy,5.4,0.31
C,202504,02/23/2025,legacy,5.8,0.34
C,202505,03/09/2025,legacy,5.7,0.43
C,202506,03/23/2025,legacy,6.4,0.39
C,202507,04/06/2025,legacy,7.0,0.63
C,202508,04/20/2025,legacy,6.4,0.33
C,202509,05/04/2025,legacy,6.5,0.37
C,202510,05/18/2025,legacy,6.7,0.45
C,202511,06/01/2025,legacy,7.6,0.42
C,202512,06/15/2025,legacy,7.8,0.44
C,202513,06/29/2025,legacy,8.3,0.72
C,202514,07/13/2025,legacy,7.8,0.51
C,202515,07/27/2025,legacy,7.5,0.53
C,202516,08/10/2025,legacy,7.8,0.31
C,202517,08/24/2025,legacy,7.0,0.25
C,202518,09/07/2025,legacy,7.6,0.26
C,202519,09/21/2025,legacy,7.7,0.28
C,202520,10/05/2025,legacy,8.1,0.41
C,202524,11/30/2025,revised,17.8,0.82
C,202525,12/14/2025,revised,17.9,0.6
D,202319,09/24/2023,legacy,2.6,0.2
D,202320,10/08/2023,legacy,2.6,0.29
D,202321,10/22/2023,legacy,2.7,0.27
D,202322,11/05/2023,legacy,2.9,0.29
D,202323,11/19/2023,legacy,3.4,0.37
D,202324,12/03/2023,legacy,3.3,0.4
D,202325,12/17/2023,legacy,3.3,0.22
D,202326,12/31/2023,legacy,4.1,0.26
D,202401,01/14/2024,legacy,4.1,0.34
D,202402,01/28/2024,legacy,4.1,0.39
D,202403,02/11/2024,legacy,3.7,0.4
D,202404,02/25/2024,legacy,3.9,0.4
D,202405,03/10/2024,legacy,3.5,0.33
D,202406,03/24/2024,legacy,3.6,0.24
D,202407,04/07/2024,legacy,3.4,0.32
D,202408,04/21/2024,legacy,3.5,0.36
D,202409,05/05/2024,legacy,3.5,0.26
D,202410,05/19/2024,legacy,3.9,0.35
D,202411,06/02/2024,legacy,3.3,0.21
D,202412,06/16/2024,legacy,4.1,0.32
D,202413,06/30/2024,legacy,3.7,0.24
D,202414,07/14/2024,legacy,4.0,0.38
D,202415,07/28/2024,legacy,4.1,0.32
D,202416,08/11/2024,legacy,4.3,0.28
D,202417,08/25/2024,legacy,4.3,0.32
D,202418,09/08/2024,legacy,3.9,0.39
D,202419,09/22/2024,legacy,4.4,0.36
D,202420,10/06/2024,legacy,4.3,0.37
D,202421,10/20/2024,legacy,4.9,0.25
D,202422,11/03/2024,legacy,4.8,0.4
D,202423,11/17/2024,legacy,5.0,0.31
D,202424,12/01/2024,legacy,4.9,0.54
D,202425,12/15/2024,legacy,4.5,0.43
D,202426,12/29/2024,legacy,5.6,0.44
D,202501,01/12/2025,legacy,5.2,0.41
D,202502,01/26/2025,legacy,5.4,0.28
D,202503,02/09/2025,legacy,5.4,0.44
D,202504,02/23/2025,legacy,5.8,0.52
D,202505,03/09/2025,legacy,5.2,0.21
D,202506,03/23/2025,legacy,5.9,0.29
D,202507,04/06/2025,legacy,7.0,0.48
D,202508,04/20/2025,legacy,7.2,0.6
D,202509,05/04/2025,legacy,7.3,0.52
D,202510,05/18/2025,legacy,7.2,0.44
D,202511,06/01/2025,legacy,7.4,0.69
D,202512,06/15/2025,legacy,7.9,0.41
D,202513,06/29/2025,legacy,8.1,0.48
D,202514,07/13/2025,legacy,8.0,0.47
D,202515,07/27/2025,legacy,7.0,0.54
D,202516,08/10/2025,legacy,7.2,0.26
D,202517,08/24/2025,legacy,7.8,0.4
D,202518,09/07/2025,legacy,7.0,0.49
D,202519,09/21/2025,legacy,7.8,0.19
D,202520,10/05/2025,legacy,7.0,0.36
D,202524,11/30/2025,revised,18.7,0.77
D,202525,12/14/2025,revised,18.1,0.55
E,202319,09/24/2023,legacy,2.4,0.59
E,202320,10/08/2023,legacy,2.5,0.37
E,202321,10/22/2023,legacy,3.0,0.34
E,202322,11/05/2023,legacy,2.6,0.37
E,202323,11/19/2023,legacy,4.3,0.3
E,202324,12/03/2023,legacy,2.9,0.57
E,202325,12/17/2023,legacy,4.3,0.58
E,202326,12/31/2023,legacy,5.1,0.49
E,202401,01/14/2024,legacy,3.9,0.42
E,202402,01/28/2024,legacy,3.8,0.44
E,202403,02/11/2024,legacy,4.5,0.72
E,202404,02/25/2024,legacy,4.1,0.61
E,202405,03/10/2024,legacy,2.4,0.44
E,202406,03/24/2024,legacy,3.7,0.33
E,202407,04/07/2024,legacy,3.2,0.44
E,202408,04/21/2024,legacy,3.6,0.54
E,202409,05/05/2024,legacy,3.8,0.47
E,202410,05/19/2024,legacy,4.0,0.68
E,202411,06/02/2024,legacy,3.6,0.45
E,202412,06/16/2024,legacy,4.3,0.4
E,202413,06/30/2024,legacy,3.6,0.24
E,202414,07/14/2024,legacy,3.2,0.39
E,202415,07/28/2024,legacy,4.3,0.66
E,202416,08/11/2024,legacy,4.8,0.43
E,202417,08/25/2024,legacy,4.4,0.57
E,202418,09/08/2024,legacy,4.9,0.89
E,202419,09/22/2024,legacy,6.1,0.56
E,202420,10/06/2024,legacy,5.6,0.64
E,202421,10/20/2024,legacy,4.9,0.45
E,202422,11/03/2024,legacy,5.4,0.53
E,202423,11/17/2024,legacy,5.5,0.55
E,202424,12/01/2024,legacy,4.2,0.45
E,202425,12/15/2024,legacy,6.1,0.68
E,202426,12/29/2024,legacy,6.5,0.82
E,202501,01/12/2025,legacy,6.2,0.55
E,202502,01/26/2025,legacy,5.8,0.61
E,202503,02/09/2025,legacy,6.3,0.99
E,202504,02/23/2025,legacy,5.9,0.72
E,202505,03/09/2025,legacy,8.5,1.3
E,202506,03/23/2025,legacy,6.7,0.53
E,202507,04/06/2025,legacy,6.4,0.48
E,202508,04/20/2025,legacy,7.6,0.69
E,202509,05/04/2025,legacy,7.6,0.86
E,202510,05/18/2025,legacy,8.4,0.7
E,202511,06/01/2025,legacy,9.4,0.96
E,202512,06/15/2025,legacy,8.3,1.09
E,202513,06/29/2025,legacy,8.9,0.96
E,202514,07/13/2025,legacy,7.1,0.63
E,202515,07/27/2025,legacy,7.0,0.68
E,202516,08/10/2025,legacy,7.1,0.88
E,202517,08/24/2025,legacy,7.3,0.86
E,202518,09/07/2025,legacy,7.6,0.71
E,202519,09/21/2025,legacy,7.7,0.86
E,202520,10/05/2025,legacy,9.7,0.72
E,202524,11/30/2025,revised,20.7,0.87
E,202525,12/14/2025,revised,20.1,1.59
F,202319,09/24/2023,legacy,2.5,0.58
F,202320,10/08/2023,legacy,2.3,0.45
F,202321,10/22/2023,legacy,3.8,0.74
F,202322,11/05/2023,legacy,2.9,0.58
F,202323,11/19/2023,legacy,4.7,0.96
F,202324,12/03/2023,legacy,4.4,0.79
F,202325,12/17/2023,legacy,4.4,1.13
F,202326,12/31/2023,legacy,3.6,0.52
F,202401,01/14/2024,legacy,3.5,1.0
F,202402,01/28/2024,legacy,6.6,1.47
F,202403,02/11/2024,legacy,5.9,0.95
F,202404,02/25/2024,legacy,4.9,0.75
F,202405,03/10/2024,legacy,4.5,1.08
F,202406,03/24/2024,legacy,2.8,0.56
F,202407,04/07/2024,legacy,3.8,0.86
F,202408,04/21/2024,legacy,5.1,0.68
F,202409,05/05/2024,legacy,5.4,0.69
F,202410,05/19/2024,legacy,5.6,0.81
F,202411,06/02/2024,legacy,4.6,0.81
F,202412,06/16/2024,legacy,3.8,0.64
F,202413,06/30/2024,legacy,4.1,1.04
F,202414,07/14/2024,legacy,5.7,1.09
F,202415,07/28/2024,legacy,4.5,0.51
F,202416,08/11/2024,legacy,4.5,0.7
F,202417,08/25/2024,legacy,6.3,1.15
F,202418,09/08/2024,legacy,6.6,1.12
F,202419,09/22/2024,legacy,5.6,0.91
F,202420,10/06/2024,legacy,5.7,0.76
F,202421,10/20/2024,legacy,5.6,0.9
F,202422,11/03/2024,legacy,7.1,0.75
F,202423,11/17/2024,legacy,5.6,1.09
F,202424,12/01/2024,legacy,7.9,1.1
F,202425,12/15/2024,legacy,8.2,0.93
F,202426,12/29/2024,legacy,6.2,1.1
F,202501,01/12/2025,legacy,5.7,0.59
F,202502,01/26/2025,legacy,5.4,1.22
F,202503,02/09/2025,legacy,5.8,1.27
F,202504,02/23/2025,legacy,8.2,0.63
F,202505,03/09/2025,legacy,8.6,1.11
F,202506,03/23/2025,legacy,8.5,1.02
F,202507,04/06/2025,legacy,7.7,0.73
F,202508,04/20/2025,legacy,6.9,0.65
F,202509,05/04/2025,legacy,9.0,0.31
F,202510,05/18/2025,legacy,10.9,1.06
F,202511,06/01/2025,legacy,9.9,1.25
F,202512,06/15/2025,legacy,9.4,1.2
F,202513,06/29/2025,legacy,9.8,0.84
F,202514,07/13/2025,legacy,11.1,1.18
F,202515,07/27/2025,legacy,9.5,1.18
F,202516,08/10/2025,legacy,7.0,0.65
F,202517,08/24/2025,legacy,8.7,1.17
F,202518,09/07/2025,legacy,9.6,1.07
F,202519,09/21/2025,legacy,8.9,1.17
F,202520,10/05/2025,legacy,8.8,0.95
F,202524,11/30/2025,revised,23.7,1.46
F,202525,12/14/2025,revised,24.7,1.74
G,202319,09/24/2023,legacy,3.1,0.63
G,202320,10/08/2023,legacy,6.0,0.74
G,202321,10/22/2023,legacy,3.8,0.58
G,202322,11/05/2023,legacy,4.6,1.34
G,202323,11/19/2023,legacy,7.3,1.2
G,202324,12/03/2023,legacy,4.9,0.76
G,202325,12/17/2023,legacy,6.7,0.84
G,202326,12/31/2023,legacy,7.4,1.01
G,202401,01/14/2024,legacy,6.5,1.28
G,202402,01/28/2024,legacy,8.0,1.33
G,202403,02/11/2024,legacy,8.0,1.46
G,202404,02/25/2024,legacy,6.5,0.8
G,202405,03/10/2024,legacy,6.2,1.03
G,202406,03/24/2024,legacy,7.0,0.71
G,202407,04/07/2024,legacy,5.3,1.07
G,202408,04/21/2024,legacy,7.5,1.16
G,202409,05/05/2024,legacy,6.1,1.1
G,202410,05/19/2024,legacy,7.2,0.81
G,202411,06/02/2024,legacy,5.3,0.76
G,202412,06/16/2024,legacy,8.7,0.98
G,202413,06/30/2024,legacy,6.1,1.81
G,202414,07/14/2024,legacy,6.5,1.01
G,202415,07/28/2024,legacy,9.7,1.59
G,202416,08/11/2024,legacy,7.8,1.02
G,202417,08/25/2024,legacy,8.3,0.99
G,202418,09/08/2024,legacy,6.7,1.0
G,202419,09/22/2024,legacy,9.2,1.14
G,202420,10/06/2024,legacy,11.1,1.69
G,202421,10/20/2024,legacy,9.7,1.26
G,202422,11/03/2024,legacy,10.0,1.48
G,202423,11/17/2024,legacy,9.4,1.29
G,202424,12/01/2024,legacy,9.4,1.87
G,202425,12/15/2024,legacy,10.5,1.24
G,202426,12/29/2024,legacy,10.9,2.6
G,202501,01/12/2025,legacy,9.8,1.38
G,202502,01/26/2025,legacy,10.7,1.4
G,202503,02/09/2025,legacy,12.4,1.63
G,202504,02/23/2025,legacy,11.4,1.4
G,202505,03/09/2025,legacy,12.2,2.09
G,202506,03/23/2025,legacy,14.3,1.92
G,202507,04/06/2025,legacy,11.9,1.95
G,202508,04/20/2025,legacy,11.6,1.12
G,202509,05/04/2025,legacy,14.2,1.71
G,202510,05/18/2025,legacy,12.8,1.17
G,202511,06/01/2025,legacy,14.9,2.27
G,202512,06/15/2025,legacy,14.2,1.23
G,202513,06/29/2025,legacy,12.5,1.8
G,202514,07/13/2025,legacy,12.1,1.38
G,202515,07/27/2025,legacy,12.0,1.21
G,202516,08/10/2025,legacy,8.7,0.78
G,202517,08/24/2025,legacy,11.9,1.18
G,202518,09/07/2025,legacy,13.0,0.91
G,202519,09/21/2025,legacy,12.5,1.21
G,202520,10/05/2025,legacy,13.0,1.5
G,202524,11/30/2025,revised,30.5,2.46
G,202525,12/14/2025,revised,25.6,1.56
