period,collection_end,wording,ai_use_pct,ai_use_se,ai_plan_pct,ai_plan_se
202319,09/24/2023,legacy,3.7,0.11,6.3,0.14
202320,10/08/2023,legacy,3.7,0.13,6.3,0.18
202321,10/22/2023,legacy,3.8,0.13,6.5,0.21
202322,11/05/2023,legacy,3.9,0.15,6.5,0.18
202323,11/19/2023,legacy,4.4,0.11,6.9,0.15
202324,12/03/2023,legacy,4.6,0.11,7.3,0.15
202325,12/17/2023,legacy,4.9,0.17,6.5,0.17
202326,12/31/2023,legacy,4.9,0.09,6.7,0.11
202401,01/14/2024,legacy,4.6,0.08,6.4,0.16
202402,01/28/2024,legacy,5.3,0.15,6.5,0.12
202403,02/11/2024,legacy,5.0,0.13,6.6,0.2
202404,02/25/2024,legacy,5.4,0.12,6.6,0.15
202405,03/10/2024,legacy,4.3,0.13,6.4,0.12
202406,03/24/2024,legacy,4.4,0.12,6.7,0.14
202407,04/07/2024,legacy,4.2,0.09,6.6,0.14
202408,04/21/2024,legacy,4.8,0.14,6.8,0.18
202409,05/05/2024,legacy,4.7,0.15,7.0,0.22
202410,05/19/2024,legacy,4.8,0.09,6.9,0.14
202411,06/02/2024,legacy,4.6,0.15,6.6,0.17
202412,06/16/2024,legacy,5.0,0.14,6.8,0.17
202413,06/30/2024,legacy,4.7,0.13,6.9,0.08
202414,07/14/2024,legacy,5.0,0.16,6.9,0.18
202415,07/28/2024,legacy,5.1,0.18,7.2,0.23
202416,08/11/2024,legacy,5.1,0.12,7.0,0.17
202417,08/25/2024,legacy,5.5,0.15,8.1,0.15
202418,09/08/2024,legacy,5.7,0.15,8.5,0.17
202419,09/22/2024,legacy,5.9,0.16,8.7,0.15
202420,10/06/2024,legacy,6.0,0.15,9.1,0.18
202421,10/20/2024,legacy,6.0,0.15,9.0,0.18
202422,11/03/2024,legacy,6.0,0.13,9.3,0.19
202423,11/17/2024,legacy,6.1,0.18,8.7,0.21
202424,12/01/2024,legacy,6.1,0.16,8.9,0.17
202425,12/15/2024,legacy,6.1,0.17,8.8,0.13
202426,12/29/2024,legacy,6.3,0.15,9.2,0.12
202501,01/12/2025,legacy,6.0,0.19,9.5,0.21
202502,01/26/2025,legacy,6.7,0.18,9.4,0.25
202503,02/09/2025,legacy,6.8,0.19,9.3,0.21
202504,02/23/2025,legacy,7.3,0.14,9.8,0.17
202505,03/09/2025,legacy,7.4,0.18,9.9,0.19
202506,03/23/2025,legacy,7.8,0.22,10.5,0.13
202507,04/06/2025,legacy,8.0,0.12,10.5,0.18
202508,04/20/2025,legacy,8.3,0.19,10.9,0.3
202509,05/04/2025,legacy,8.7,0.16,11.0,0.24
202510,05/18/2025,legacy,8.7,0.14,11.0,0.23
202511,06/01/2025,legacy,9.2,0.19,11.6,0.16
202512,06/15/2025,legacy,9.2,0.22,11.6,0.27
202513,06/29/2025,legacy,9.3,0.15,11.7,0.11
202514,07/13/2025,legacy,9.3,0.21,12.3,0.2
202515,07/27/2025,legacy,9.4,0.15,13.5,0.27
202516,08/10/2025,legacy,8.8,0.23,13.0,0.22
202517,08/24/2025,legacy,9.7,0.16,13.7,0.16
202518,09/07/2025,legacy,9.1,0.15,13.8,0.21
202519,09/21/2025,legacy,9.9,0.15,14.0,0.21
202520,10/05/2025,legacy,10.0,0.22,14.0,0.28
202524,11/30/2025,revised,17.3,0.18,21.1,0.26
202525,12/14/2025,revised,17.2,0.23,20.9,0.36
