year,internet_users_pct
1990,0.785
1991,1.16
1992,1.72
1993,2.27
1994,4.86
1995,9.24
1996,16.4
1997,21.6
1998,30.1
1999,35.8
2000,43.0791626375201
2001,49.0808315896951
2002,58.7854038836952
2003,61.6971171244207
2004,64.7582564759896
2005,67.9681015
2006,68.93119812
2007,75.0
2008,74.0
2009,71.0
2010,71.69
2011,69.7294607619268
2012,74.7
2013,71.4
2014,73.0
2015,74.5542024462761
2016,85.5444212887222
2017,87.2748891687657
2018,88.498903165152
2019,89.4302848575712
2020,90.34470367
2021,91.2684021
2022,92.72850037
2023,93.52559662
2024,94.69380188
